{
    "1": {
        "num": 20,
        "completed": 11
    },
    "2": {
        "num": 20,
        "completed": 8
    },
    "3": {
        "num": 20,
        "completed": 7
    },
    "4": {
        "num": 20,
        "completed": 6
    },
    "5": {
        "num": 20,
        "completed": 12
    },
    "6": {
        "num": 20,
        "completed": 6
    },
    "7": {
        "num": 20,
        "completed": 9
    },
    "8": {
        "num": 20,
        "completed": 11
    },
    "9": {
        "num": 20,
        "completed": 8
    },
    "10": {
        "num": 20,
        "completed": 12
    }
}